id,action,verb,noun
0, take_pan,0,1
1, take_fridge,0,10
2, get_fish,0,100
3, pick-up_chilli,0,101
4, get_cover,0,102
5, get_sugar,0,103
6, take_aubergine,0,104
7, pick-up_jug:measuring,0,105
8, get_leek,0,107
9, pick-up_rubbish,0,108
10, take_ladle,0,109
11, take_lid,0,11
12, take_mushroom,0,110
13, take_stock,0,111
14, pick-up_freezer,0,112
15, take_pizza,0,114
16, pick-up_yoghurt,0,116
17, pick-up_chopstick:fork,0,117
18, pick-up_grape,0,118
19, pick-up_ginger,0,119
20, pick-up_hand,0,12
21, take_banana,0,120
22, take_oregano,0,121
23, pick-up_tuna,0,122
24, pick-up_tabla:kitchen,0,123
25, take_salmon,0,124
26, pick-up_basket,0,125
27, get_moka,0,126
28, pick-up_roll:sesame,0,127
29, pick-up_broom,0,128
30, get_lemon,0,129
31, take_onion,0,13
32, take_clothes,0,130
33, take_grater,0,131
34, pick-up_strainer:mesh,0,132
35, pick-up_bacon,0,133
36, get_avocado,0,134
37, take_blueberry,0,135
38, pick-up_pesto,0,136
39, pick-up_utensil,0,137
40, take_bean:green,0,138
41, grab_floor,0,139
42, get_onion:spring,0,14
43, pick-up_lime,0,140
44, take_foil,0,141
45, grab_grill,0,142
46, take_ingredient,0,143
47, take_scale,0,144
48, get_paste:garlic,0,145
49, get_processor:food,0,146
50, pick-up_nut,0,147
51, grab_butter,0,148
52, pick-up_pot:coffee,0,15
53, take_timer,0,151
54, pull-down_tablecloth,0,153
55, take_powder:curry,0,155
56, take_powder:washing,0,156
57, get_oat,0,158
58, take_tofu,0,159
59, take_glass,0,16
60, take_lighter,0,160
61, pick-up_sweetcorn,0,161
62, get_vinegar,0,162
63, pick-up_cap:sink,0,164
64, pick-up_trivet,0,165
65, pick-up_fraiche,0,166
66, take_tongs,0,168
67, pick_pastry,0,169
68, pick-up_water,0,17
69, pick-up_raisin,0,171
70, pick-up_broccoli,0,173
71, take_pin:rolling,0,174
72, grab_plug,0,175
73, take_bag:tea,0,177
74, take_parsley,0,178
75, take_fork,0,18
76, get_herb,0,180
77, pick-up_base:pizza,0,181
78, take_holder:pot,0,182
79, pick-up_thyme,0,183
80, get_honey,0,184
81, take_celery,0,185
82, get_kiwi,0,186
83, get_tissue,0,187
84, take_clip,0,189
85, take_board:cutting,0,19
86, pick-up_noodle,0,190
87, take_yeast,0,191
88, take_hummus,0,192
89, get_coconut,0,193
90, pick-up_cabbage,0,194
91, pick-up_spinach,0,195
92, pick-up_nutella,0,196
93, take_fruit,0,197
94, take_dressing,0,198
95, pick-up_omelette:rolled,0,199
96, pick-up_dustpan,0,2
97, take_bag:cereal,0,20
98, take_paella,0,201
99, get_opener:can,0,203
100, take_shirt,0,204
101, pick-up_sandwich,0,206
102, pick-up_burger,0,207
103, grab_pancake,0,208
104, take_leftover,0,209
105, take_sponge,0,21
106, pick-up_pestle,0,211
107, take_sock,0,212
108, pick-up_pea,0,213
109, pick-up_apron,0,214
110, grab_juice,0,215
111, take_mesh,0,219
112, take_spatula,0,22
113, take_coriander,0,223
114, pick-up_mocha,0,224
115, take_turmeric,0,227
116, pick-up_pit,0,229
117, take_cup,0,23
118, take_boxer,0,230
119, get_paprika,0,231
120, get_apple,0,234
121, pick-up_ham,0,237
122, get_mayonnaise,0,238
123, take_cookie,0,239
124, take_oil:olive,0,24
125, get_pear,0,240
126, take_berry,0,242
127, get_steak:chop,0,243
128, take_squeezer:lime,0,244
129, grab_phone:mobile,0,248
130, pick-up_shell:egg,0,249
131, take_bin,0,25
132, get_ring:onion,0,251
133, get_cherry,0,252
134, take_cake:rice,0,253
135, get_almond,0,255
136, get_mint,0,256
137, pick-up_flake:chilli,0,257
138, pick-up_nesquik,0,259
139, get_meat,0,26
140, pick-up_blender,0,260
141, pick-up_scrap,0,261
142, pick-up_melon,0,263
143, take_smoothie,0,267
144, pick-up_grass:lemon,0,268
145, pick-up_ketchup,0,269
146, take_potato,0,27
147, take_device:cutting,0,270
148, pick-up_watch,0,273
149, take_beer,0,274
150, take_basil,0,277
151, grab_crisp,0,279
152, take_bottle,0,28
153, take_drink,0,281
154, take_mustard,0,283
155, take_caper,0,284
156, take_sharpener:knife,0,285
157, take_candle,0,286
158, pick-up_control:remote,0,287
159, pick-up_cork,0,289
160, take_container,0,29
161, pick-up_masher,0,291
162, pick-up_envelope:oregano,0,297
163, grab_chocolate,0,298
164, take_tomato,0,30
165, get_syrup:maple,0,301
166, take_bar:cereal,0,302
167, take_salt,0,31
168, pick-up_cumin,0,310
169, take_press:garlic,0,314
170, pick-up_rest,0,318
171, pick-up_tablet:dishwasher,0,319
172, take_rag,0,32
173, take_form,0,322
174, grab_sheet,0,325
175, pick-up_pepper:cayenne,0,326
176, pick-up_waffle,0,327
177, pick-up_pineapple,0,328
178, take_turkey:sliced,0,329
179, pick-up_hole:sink,0,33
180, take_rosemary,0,331
181, take_lead,0,332
182, take_geographic:national,0,333
183, take_gravy,0,335
184, grab_cd,0,338
185, get_casserole,0,340
186, take_tube:tube,0,344
187, take_heart:tomato,0,347
188, pick-up_whisk,0,349
189, pick-up_pasta,0,35
190, take_trouser,0,351
191, take_food,0,37
192, take_kettle,0,38
193, take_box:fruit,0,39
194, take_plate,0,4
195, take_carrot,0,40
196, take_sauce:tomato,0,41
197, take_colander,0,42
198, take_milk:soy,0,43
199, take_rice,0,44
200, take_clove,0,45
201, take_pepper,0,46
202, take_hob,0,47
203, take_dough,0,48
204, get_dishwasher,0,49
205, take_knife,0,5
206, pick-up_egg,0,50
207, take_mozzarella,0,51
208, take_bread,0,52
209, get_runner:table,0,53
210, get_salad,0,54
211, pick-up_cooker:slow,0,57
212, take_coffee,0,58
213, pick_filter,0,59
214, take_bowl,0,6
215, get_jar,0,60
216, take_drainer,0,61
217, pick-up_chicken,0,62
218, take_tray,0,63
219, pick-up_mixture,0,64
220, take_towel:tea,0,65
221, get_towel:paper,0,66
222, take_peach,0,67
223, take_skin:potato,0,68
224, take_courgette,0,69
225, take_spoon,0,7
226, pick-up_liquid:washing,0,70
227, take-up_liquid,0,71
228, take_leaf:basil,0,72
229, take_lettuce,0,73
230, take_leaf:mint,0,74
231, take_cutlery,0,75
232, take_scissors,0,76
233, take_plastic,0,77
234, take_top,0,78
235, grab_spice,0,79
236, take_cupboard,0,8
237, take_tortilla,0,80
238, take_paper:baking,0,81
239, take_olive,0,83
240, take_sausage,0,84
241, get_glove:oven,0,85
242, get_peeler,0,86
243, take_can,0,87
244, take_board:eating,0,88
245, pick-up_mat:sushi,0,89
246, take_drawer,0,9
247, take_vegetable,0,90
248, take_film:cling,0,91
249, take_flour,0,93
250, pick-up_cucumber,0,94
251, take_curry,0,95
252, take_cereal,0,96
253, take_napkin,0,97
254, get_soap,0,98
255, take_squash,0,99
256, fix_cover,100,102
257, fix_paella,100,201
258, spill_rice,101,44
259, pack_box:lunch,102,39
260, bake_bowl,103,6
261, blow-out_candle,104,286
262, blow_roll:kitchen,104,66
263, sit-on_chair,105,205
264, dip_carrot,107,40
265, flush_tap,109,3
266, remove_pan,10,1
267, take-out_fish,10,100
268, remove_cover:plastic,10,102
269, take-out_aubergine,10,104
270, remove_trash,10,108
271, remove_lid,10,11
272, remove_stock,10,111
273, take-off_light,10,113
274, remove_pizza,10,114
275, take-out_yoghurt,10,116
276, take-out_grape,10,118
277, remove_ginger,10,119
278, remove_banana,10,120
279, remove_tuna,10,122
280, take-out_basket,10,125
281, remove_onion,10,13
282, take-out_avocado,10,134
283, take-out_blueberry,10,135
284, remove_bean:green,10,138
285, remove-from_floor,10,139
286, remove_lime,10,140
287, remove_foil,10,141
288, remove_grill,10,142
289, remove_ingredient,10,143
290, pick-out_scale:measuring,10,144
291, take-out_processor,10,146
292, remove_pot:pressure,10,15
293, remove_glass,10,16
294, take-out_corn,10,161
295, remove_cap,10,164
296, remove_cream,10,166
297, remove_content,10,167
298, remove_water,10,17
299, remove_plug,10,175
300, remove_bag:tea,10,177
301, remove_holder:filter,10,182
302, remove_clip,10,189
303, take-out_board:cutting,10,19
304, take-out_noodle:convenient,10,190
305, take-off_spinach,10,195
306, extract_bag,10,20
307, remove_chip,10,202
308, remove_pancake,10,208
309, remove_apron,10,214
310, remove_dust,10,217
311, remove_seed:squash,10,229
312, take-out_mug,10,23
313, take-out_paprika,10,231
314, remove_finger,10,236
315, remove_mayonnaise,10,238
316, take-out_oil,10,24
317, remove_pear,10,240
318, remove_pith,10,250
319, take-out_cherry,10,252
320, take-out_sticker,10,265
321, remove_potato,10,27
322, take-out_dumpling,10,272
323, remove_watch,10,273
324, remove-from_bottle:oil,10,28
325, remove_stopper,10,289
326, remove_container,10,29
327, take-out_tap,10,3
328, remove_tomato,10,30
329, remove_seasoning,10,31
330, remove_label,10,312
331, take-out_rest,10,318
332, remove_band:rubber,10,323
333, remove_straw,10,336
334, remove_ladder,10,341
335, take-out_heart,10,347
336, take-out_food,10,37
337, take-out_box:milk,10,39
338, take-out_plate,10,4
339, remove_bit:carrot,10,40
340, take-out_sauce:fish,10,41
341, remove_colander,10,42
342, take-out_milk,10,43
343, remove_garlic,10,45
344, take-out_pepper,10,46
345, take-out_knife,10,5
346, remove_egg,10,50
347, take-out_cheese,10,51
348, take-out_bread:packing,10,52
349, remove_salad,10,54
350, extract_coffee,10,58
351, remove_filter,10,59
352, take-out_bowl,10,6
353, take-out_jar,10,60
354, get-out_chicken,10,62
355, take-out_tray,10,63
356, remove_mixture,10,64
357, remove_peach,10,67
358, take-off_skin,10,68
359, take-out_courgette,10,69
360, remove_spoon,10,7
361, remove_leaf:lettuce,10,72
362, remove_lettuce,10,73
363, remove_leaf:curry,10,74
364, remove_packaging,10,77
365, remove_top,10,78
366, take-out_tortilla,10,80
367, take-out_sausage,10,84
368, remove_glove,10,85
369, remove_tin,10,87
370, remove_mat,10,88
371, take-out_drawer,10,9
372, remove_film,10,91
373, remove_wrap,10,92
374, pick-out_cucumber,10,94
375, remove_curry:only,10,95
376, fork_potato,111,27
377, swirl_water,112,17
378, stick_mint,113,256
379, pet-down_oregano,114,121
380, realize_sauce:fish,115,41
381, weigh_paste:nut,116,145
382, defoliate_cabbage,117,194
383, tessellate_saucepan,119,1
384, dry_saucepan,11,1
385, dry_carafe,11,105
386, dry_ladle,11,109
387, dry_lid,11,11
388, dry_hand,11,12
389, dry_v60,11,126
390, dry_utensil,11,137
391, dry_floor,11,139
392, dry_lime,11,140
393, dry_grill,11,142
394, dry_pot:small,11,15
395, dry_glass,11,16
396, dry_support,11,165
397, dry_fork,11,18
398, dry_holder:jug,11,182
399, dry_clip:bag,11,189
400, dry_board:chopping,11,19
401, dry_paella,11,201
402, dry_cup,11,23
403, dry_finger,11,236
404, dry_ham,11,237
405, dry_squeezer:lime,11,244
406, dry_container,11,29
407, dry_tomato,11,30
408, dry_holder:spoon,11,318
409, towel_cloth,11,32
410, dry_tupperware,11,39
411, dry_plate,11,4
412, dry_colander,11,42
413, dry_rice,11,44
414, dry_hob,11,47
415, dry_knife,11,5
416, dry_bowl:salad,11,6
417, dry_jar,11,60
418, dry_rack,11,61
419, dry_tray,11,63
420, dry_spoon,11,7
421, dry_cutlery,11,75
422, dry_scissors,11,76
423, dry_side,11,78
424, dry_peeler:potato,11,86
425, unfreeze_corn,120,161
426, unfreeze_water,120,17
427, decide-if_onion,121,13
428, let-out_air,122,315
429, reverse_lid,124,11
430, turn-on_pan,12,1
431, switch-on_cover,12,102
432, start_heat,12,106
433, turn-on_lid,12,11
434, turn-on_light,12,113
435, turn-on_machine:coffee,12,126
436, turn-on_scale,12,144
437, turn-on_processor,12,146
438, turn-on_switch,12,154
439, start_oat,12,158
440, turn-on_water,12,17
441, turn-on_fan:extractor,12,170
442, turn-on_toaster,12,172
443, turn-on_heater,12,276
444, turn-on_candle,12,286
445, turn-on_tap,12,3
446, start-to_tomato,12,30
447, water-on_sink,12,33
448, turn-on_lamp,12,345
449, turn-on_kettle,12,38
450, start_dish,12,4
451, turn-on_hob,12,47
452, turn-on_dishwasher,12,49
453, turn-on_microwave,12,55
454, turn-on_oven,12,56
455, turn-on_cleaner,12,70
456, turn-on_top,12,78
457, turn-on_machine:washing,12,82
458, turn_saucepan,13,1
459, rotate_piece:fish,13,100
460, turn_heat,13,106
461, turn_lid,13,11
462, turn_light,13,113
463, turn_onion,13,13
464, turn_switch,13,154
465, turn_corn,13,161
466, turn_grinder:coffee,13,163
467, turn_trivet,13,165
468, turn_tongs,13,168
469, turn_water,13,17
470, turn_toaster,13,172
471, turn_fork,13,18
472, rotate_holder:filter,13,182
473, turn_board:cutting,13,19
474, turn_knob,13,228
475, turn_ring:onion,13,251
476, turn_meat,13,26
477, turn_potato,13,27
478, turn_tap,13,3
479, turn_handle,13,308
480, turn_cloth,13,32
481, turn_kettle,13,38
482, turn_hob,13,47
483, turn_dishwasher,13,49
484, turn_knife,13,5
485, turn_paneer,13,51
486, turn_bread,13,52
487, turn_table,13,53
488, turn_microwave,13,55
489, rotate_filter,13,59
490, turn_chicken,13,62
491, turn_spoon,13,7
492, turn_top,13,78
493, turn_machine:washing,13,82
494, turn_sausage,13,84
495, turn_mat,13,88
496, turn_drawer,13,9
497, turn_napkin,13,97
498, shake_pan,14,1
499, shake_waste,14,108
500, shake_lid,14,11
501, shake_hand,14,12
502, shake_basket,14,125
503, shake_onion,14,13
504, shake_strainer,14,132
505, shake_pot,14,15
506, shake_tablecloth,14,153
507, shake_oat,14,158
508, shake_glass,14,16
509, shake_sweetcorn,14,161
510, shake_trivet,14,165
511, shake_water,14,17
512, shake_bag,14,20
513, shake_juice,14,215
514, shake_mesh,14,219
515, shake_mug,14,23
516, shake_bottle:oil,14,28
517, shake_container,14,29
518, shake_tomato:chopped,14,30
519, shake_salt,14,31
520, shake_cloth,14,32
521, shake_pasta,14,35
522, shake_saucer,14,4
523, shake_milk:soy,14,43
524, shake_rice,14,44
525, shake_pepper,14,46
526, shake-out_stove,14,47
527, shake_egg,14,50
528, shake_cheese,14,51
529, shake_filter,14,59
530, shake_bowl,14,6
531, shake_jar,14,60
532, shake_chicken,14,62
533, shake_towel:tea,14,65
534, shake_peach,14,67
535, shake_liquid,14,71
536, shake_can,14,87
537, shake_mat,14,88
538, shake_drawer,14,9
539, turn-off_pan,15,1
540, turn-off_heat,15,106
541, turn-off_light,15,113
542, turn-off_maker:coffee,15,126
543, turn-off_system:weighing,15,144
544, turn-off_processor:food,15,146
545, turn-off_pot,15,15
546, turn-off_switch,15,154
547, turn-off_water,15,17
548, turn-off_fan,15,170
549, turn-off_flame,15,179
550, switch-off_knob,15,228
551, switch-off_source:power,15,275
552, turn-off_heater,15,276
553, turn-off_tap,15,3
554, turn-off_alarm,15,306
555, water-off_sink,15,33
556, turn-off_kettle,15,38
557, turn-off_hob,15,47
558, switch-off_microwave,15,55
559, turn-off_oven,15,56
560, turn-off_top,15,78
561, turn-off_machine:washing,15,82
562, peel_lid,16,11
563, peel_ginger,16,119
564, peel_banana,16,120
565, peel_onion,16,13
566, peel_avocado,16,134
567, peel_onion:spring,16,14
568, peel_meat:open,16,26
569, peel_melon,16,263
570, peel_grass:lemon,16,268
571, peel_potato,16,27
572, peel_carrot,16,40
573, peel_garlic,16,45
574, peel_peach,16,67
575, peel_courgette,16,69
576, peel_sausage,16,84
577, peel_squash,16,99
578, change_temperature,17,106
579, adjust_ladle,17,109
580, adjust_light,17,113
581, change_chopstick,17,117
582, adjust_machine:coffee,17,126
583, change_pot,17,15
584, adjust_powder:washing,17,156
585, adjust_level:water,17,17
586, adjust_flame,17,179
587, adjust_fork,17,18
588, adjust_collar:shirt,17,204
589, adjust_chair,17,205
590, adjust_mug,17,23
591, adjust_meat,17,26
592, adjust_tap,17,3
593, adjust_poster,17,320
594, adjust_plate,17,4
595, adjust_hob,17,47
596, adjust_microwave,17,55
597, adjust_cooker,17,56
598, adjust_tray,17,63
599, adjust_top,17,78
600, change_cabinet,17,8
601, adjust_mat:floor,17,88
602, adjust_vegetable,17,90
603, adjust_curry,17,95
604, empty_pan,18,1
605, empty_carafe,18,105
606, empty_v60,18,126
607, empty_pot,18,15
608, empty_glass,18,16
609, empty_water,18,17
610, empty_raisin:more,18,171
611, empty_plug,18,175
612, empty-into_bag,18,20
613, empty_cup:measuring,18,23
614, empty_oil:olive,18,24
615, empty_bottle:milk,18,28
616, empty_sink,18,33
617, empty_kettle,18,38
618, empty_box:lunch,18,39
619, empty_dish,18,4
620, empty_rice,18,44
621, empty_dishwasher,18,49
622, empty_egg,18,50
623, empty_cheese,18,51
624, empty_coffee,18,58
625, empty_filter,18,59
626, empty_bowl,18,6
627, empty_jar,18,60
628, empty_spoon,18,7
629, empty_packet,18,77
630, empty_can,18,87
631, empty_flour,18,93
632, spoon_sugar,19,103
633, spoon_stock,19,111
634, scoop_yoghurt,19,116
635, spoon_oregano,19,121
636, scoop_avocado,19,134
637, spoon_pesto,19,136
638, spoon_paste:miso,19,145
639, spoon_nut,19,147
640, scoop_oat,19,158
641, spoon-in_corn,19,161
642, scoop_water,19,17
643, scoop_tea,19,177
644, scoop_kiwi,19,186
645, scoop_yeast,19,191
646, scoop_patty,19,207
647, spoon_risotto,19,210
648, scoop_eggshell,19,249
649, spoon_almond:canned,19,255
650, spoon-in_cinnamon,19,278
651, spoon_pasta,19,35
652, spoon_food,19,37
653, spoon_carrot,19,40
654, spoon_sauce,19,41
655, spoon_milk:coconut,19,43
656, scoop_rice,19,44
657, spoon_pepper:red,19,46
658, scoop_cheese,19,51
659, spoon_salad:cucumber,19,54
660, spoon_coffee,19,58
661, spoon_bowl,19,6
662, spoon_mixture,19,64
663, spoon_spice,19,79
664, spoon_cucumber,19,94
665, spoon_squash,19,99
666, put-down_pan,1,1
667, put_fridge,1,10
668, put_fish,1,100
669, put_chilli,1,101
670, put_cover,1,102
671, put_sugar,1,103
672, put-down_aubergine,1,104
673, put_jug:measuring,1,105
674, put_piece:leek,1,107
675, put_rubbish,1,108
676, put_ladle,1,109
677, put_lid,1,11
678, put_mushroom,1,110
679, put_stock,1,111
680, put_freezer,1,112
681, put-down_pizza,1,114
682, put_yoghurt,1,116
683, put-down_chopstick,1,117
684, place_grape,1,118
685, put_ginger,1,119
686, place_banana,1,120
687, put-down_oregano,1,121
688, put-down_tuna,1,122
689, put_salmon,1,124
690, place_basket,1,125
691, place_pot:mocha,1,126
692, put_roll:sesame,1,127
693, place_broom,1,128
694, place_lemon,1,129
695, put-down_onion,1,13
696, put_clothes,1,130
697, put-down_grater,1,131
698, put_strainer,1,132
699, put-away_bacon,1,133
700, place_avocado,1,134
701, put_blueberry,1,135
702, put_pesto,1,136
703, put_utensil,1,137
704, put_bean:green,1,138
705, place_onion:spring,1,14
706, put-down_lime,1,140
707, put-down_foil,1,141
708, put-down_grill,1,142
709, put_ingredient,1,143
710, put-down_scale:measuring,1,144
711, put_paste:garlic,1,145
712, place_processor:food,1,146
713, put_nut,1,147
714, put-down_butter,1,148
715, put_pot:coffee,1,15
716, put_shelf,1,150
717, put-down_timer,1,151
718, put_tablecloth,1,153
719, put-down_powder:curry,1,155
720, put_powder:washing,1,156
721, place_oat,1,158
722, put_tofu,1,159
723, put_glass,1,16
724, put-down_lighter,1,160
725, put_corn:sweet,1,161
726, put_vinegar,1,162
727, put_grinder,1,163
728, place-back_cap,1,164
729, put-down_trivet,1,165
730, put_fraiche:creme,1,166
731, put_content,1,167
732, put-down_tongs,1,168
733, put_pastry,1,169
734, put_water,1,17
735, put-away_raisin,1,171
736, put_broccoli,1,173
737, put-down_pin:rolling,1,174
738, put_plug,1,175
739, put_bag:tea,1,177
740, put_parsley,1,178
741, put-down_fork,1,18
742, put_herb,1,180
743, put-down_base,1,181
744, put-down_holder:pot,1,182
745, put_honey,1,184
746, put-down_celery,1,185
747, place_kiwi,1,186
748, put_tissue,1,187
749, put_clip,1,189
750, put-down_board:cutting,1,19
751, put_noodle:instant,1,190
752, put_yeast,1,191
753, put_hummus,1,192
754, put_coconut,1,193
755, put_cabbage,1,194
756, put_spinach,1,195
757, put-down_nutella,1,196
758, put_fruit,1,197
759, put-back_dressing,1,198
760, put_tamagoyaki,1,199
761, put-down_dustpan,1,2
762, put-down_bag,1,20
763, put-down_paella,1,201
764, put_opener:can,1,203
765, put_sandwich,1,206
766, put_burger:chicken,1,207
767, put_pancake,1,208
768, put_food:leftover,1,209
769, put-down_sponge,1,21
770, put-down_pestle,1,211
771, place_pea,1,213
772, put_apron,1,214
773, place_juice,1,215
774, put_dust,1,217
775, put_desk,1,218
776, put_mesh,1,219
777, put-down_spatula,1,22
778, put-down_coriander,1,223
779, put-down_mocha,1,224
780, put_soup,1,226
781, put-down_turmeric,1,227
782, put-down_pit,1,229
783, put_cup,1,23
784, put_paprika,1,231
785, put-up_juicer:lime,1,232
786, put_apple,1,234
787, put_ham,1,237
788, put_mayonnaise,1,238
789, place_cookie,1,239
790, put-down_oil,1,24
791, place_pear,1,240
792, put_berry,1,242
793, put-down_beef,1,243
794, put_squeezer:lime,1,244
795, put_phone:mobile,1,248
796, put_shell:egg,1,249
797, put-down_bin,1,25
798, put_ring:onion,1,251
799, put_cherry,1,252
800, put-down_cake,1,253
801, put_sprout,1,254
802, put_almond,1,255
803, place_mint,1,256
804, put-away_flake:chilli,1,257
805, put_nesquik,1,259
806, put-down_meat,1,26
807, put_blender,1,260
808, put_scrap:pepper,1,261
809, put_melon,1,263
810, put-back_smoothie,1,267
811, put_grass:lemon,1,268
812, return_ketchup,1,269
813, put-down_potato,1,27
814, put_dumpling,1,272
815, put-down_watch,1,273
816, put-down_beer,1,274
817, put_heater:right,1,276
818, put_crisp,1,279
819, put_bottle,1,28
820, put_drink,1,281
821, put-down_caper,1,284
822, put_sharpener:knife,1,285
823, put-down_candle,1,286
824, put-down_control:remote,1,287
825, replace_stopper,1,289
826, put_container,1,29
827, put_masher,1,291
828, place_shaker:pepper,1,294
829, put_garni:bouquet,1,295
830, put_envelope,1,297
831, put_chocolate,1,298
832, place-that_tap,1,3
833, put-down_tomato,1,30
834, place_syrup:maple,1,301
835, put_bar:cereal,1,302
836, put_coke,1,304
837, put-down_salt,1,31
838, put_jeera,1,310
839, place_presser,1,314
840, put_rest,1,318
841, put_tablet,1,319
842, put-down_rag,1,32
843, put_rubber,1,323
844, put-down_rug,1,324
845, put-down_sheet,1,325
846, put-down_waffle,1,327
847, put_pineapple,1,328
848, put-down_sink,1,33
849, put_rosemary,1,331
850, put-down_geographic:national,1,333
851, put_gravy,1,335
852, put_tube,1,344
853, put_heart:tomato,1,347
854, put_whisk,1,349
855, put_pasta,1,35
856, put_food,1,37
857, put-down_kettle,1,38
858, put-down_box:cereal,1,39
859, put_plate,1,4
860, put-down_carrot,1,40
861, put-down_sauce,1,41
862, put-down_colander,1,42
863, put-down_milk:soy,1,43
864, put-down_rice,1,44
865, put_clove,1,45
866, put-down_pepper,1,46
867, put_stove,1,47
868, put_dough,1,48
869, place_bit:dishwasher,1,49
870, put-down_knife,1,5
871, put-away_egg,1,50
872, put-down_mozzarella,1,51
873, put-down_bread,1,52
874, put_table:round,1,53
875, place_salad,1,54
876, put_microwave,1,55
877, put_cooker,1,56
878, put_cooker:rice,1,57
879, place_coffee,1,58
880, put_filter:water,1,59
881, put_bowl,1,6
882, put_jar,1,60
883, put-on_drainer,1,61
884, put_chicken,1,62
885, put-down_tray,1,63
886, put_mixture,1,64
887, put_towel,1,65
888, put_towel:kitchen,1,66
889, put-down_peach,1,67
890, put_peel,1,68
891, put-down_courgette,1,69
892, put-down_spoon,1,7
893, put_cleaner,1,70
894, put-down_liquid,1,71
895, put_leaf:lettuce,1,72
896, put_lettuce,1,73
897, place_leaf:mint,1,74
898, put_cutlery,1,75
899, put-down_scissors,1,76
900, put_packet:crisp,1,77
901, put-on_side,1,78
902, put_spice,1,79
903, put-down_cupboard,1,8
904, place_tortilla,1,80
905, put-down_paper:baking,1,81
906, put-down_olive,1,83
907, put-down_sausage,1,84
908, put_glove,1,85
909, place_peeler:potato,1,86
910, return_can,1,87
911, put-down_board:eating,1,88
912, put-down_mat:sushi,1,89
913, put-down_drawer,1,9
914, put-down_vegetable,1,90
915, put_film:cling,1,91
916, place_wrap,1,92
917, put-down_flour,1,93
918, put_cucumber,1,94
919, put_masala:bean,1,95
920, put-down_cereal,1,96
921, put_napkin,1,97
922, put_soap,1,98
923, put-down_squash,1,99
924, check_saucepan,20,1
925, check_refrigerator,20,10
926, check_piece:fish,20,100
927, test_temperature,20,106
928, check_seal,20,11
929, check_pizza,20,114
930, inspect_ginger,20,119
931, inspect_hand,20,12
932, check_tuna,20,122
933, inspect_onion,20,13
934, check_clothes,20,130
935, check-on_blueberry,20,135
936, check_pot,20,15
937, inspect_glass,20,16
938, inspect_grinder,20,163
939, check_water,20,17
940, inspect_plug,20,175
941, check_kiwi,20,186
942, check_time,20,188
943, test_bag,20,20
944, check_burger:tuna,20,207
945, check_paprika,20,231
946, check_finger,20,236
947, check_oil,20,24
948, watch_mobile,20,248
949, check_cherry:frozen,20,252
950, inspect_meat,20,26
951, check_potato,20,27
952, check_watch,20,273
953, check_plant:basil,20,277
954, test_bottle,20,28
955, test_sharpener,20,285
956, check_rim,20,334
957, check_food,20,37
958, check_kettle,20,38
959, check_box,20,39
960, inspect_plate,20,4
961, test_rice,20,44
962, watch_garlic,20,45
963, check_stove,20,47
964, look-in_dishwasher,20,49
965, test_egg,20,50
966, inspect_bread,20,52
967, check_table,20,53
968, check-on_microwave,20,55
969, check_oven,20,56
970, check_coffee,20,58
971, check_chicken,20,62
972, check_mixture,20,64
973, check_package:popcorn,20,77
974, test_side,20,78
975, look-in_cupboard,20,8
976, check_tortilla,20,80
977, check_machine:washing,20,82
978, check_flour,20,93
979, check_curry,20,95
980, squeeze-with_hand,21,12
981, squidge_tuna,21,122
982, squeeze_maker:coffee,21,126
983, squeeze_lemon,21,129
984, squeeze_lime,21,140
985, squeeze_butter,21,148
986, squeeze_cream,21,166
987, squidge_content,21,167
988, squeeze_water:excess,21,17
989, squidge_bag,21,20
990, squeeze-into_patty,21,207
991, squeeze_sponge,21,21
992, squeeze_juice:lemon,21,215
993, squeeze_mayonnaise,21,238
994, squeeze_ketchup,21,269
995, squeeze_tomato,21,30
996, squeeze_press:garlic,21,314
997, squeeze_air,21,315
998, squeeze_rag,21,32
999, squidge-into_box:lunch,21,39
1000, squidge_rice,21,44
1001, squash_garlic,21,45
1002, squeeze_dough,21,48
1003, squeeze_mixture,21,64
1004, squeeze_roll:kitchen,21,66
1005, squeeze_spray:cleaning,21,70
1006, squeeze-up_liquid,21,71
1007, squeeze_lettuce,21,73
1008, squeeze_sausage,21,84
1009, squeeze_can,21,87
1010, squish_mat:sushi,21,89
1011, squeeze_soap,21,98
1012, put-in_pan,22,1
1013, put-in_fridge,22,10
1014, put-in_sugar,22,103
1015, put-in_jug:measuring,22,105
1016, put-in_garbage,22,108
1017, put-in_freezer,22,112
1018, put-in_oregano,22,121
1019, insert_basket,22,125
1020, put-into_machine:coffee,22,126
1021, put-into_brush,22,128
1022, put-in_onion,22,13
1023, put-in_pesto,22,136
1024, put-in_pot,22,15
1025, put-in_vinegar,22,162
1026, insert_support,22,165
1027, put-in_water,22,17
1028, insert_plug,22,175
1029, insert_holder:filter,22,182
1030, put-in_noodle,22,190
1031, put-into_dustpan,22,2
1032, put-in_bag,22,20
1033, put-in_oil,22,24
1034, put-in_bin,22,25
1035, put-in_tomato,22,30
1036, put-in_salt,22,31
1037, put-in_sink,22,33
1038, put-in_food,22,37
1039, put-in_box:lunch,22,39
1040, insert_dish,22,4
1041, put-in_sauce:pesto,22,41
1042, put-in_pepper,22,46
1043, put-in_dishwasher,22,49
1044, put-into_cheese:bin,22,51
1045, insert_bread,22,52
1046, put-in_salad,22,54
1047, put-in_microwave,22,55
1048, put-in_oven,22,56
1049, put-in_cooker:rice,22,57
1050, insert_coffee,22,58
1051, insert_filter,22,59
1052, put-in_bowl,22,6
1053, put-into_rack,22,61
1054, insert_spoon,22,7
1055, put-in_lettuce,22,73
1056, put-into_cupboard,22,8
1057, put-in_sausage,22,84
1058, put-in_drawer,22,9
1059, put-into_curry,22,95
1060, push_chopstick,23,117
1061, push_onion,23,13
1062, push_pot,23,15
1063, press_switch,23,154
1064, press_oat,23,158
1065, press_button,23,176
1066, press_parsley,23,178
1067, compress_bag:pasta,23,20
1068, compress_sandwich,23,206
1069, press_spatula,23,22
1070, push_bin,23,25
1071, press-on_meat,23,26
1072, compress_bottle:milk,23,28
1073, press_food,23,37
1074, press_garlic,23,45
1075, press_pepper,23,46
1076, press_dough,23,48
1077, press_tortilla,23,80
1078, push_drawer,23,9
1079, fill_pan,24,1
1080, fill_carafe,24,105
1081, fill-up_lid,24,11
1082, fill_moka,24,126
1083, fill_roll,24,127
1084, fill_pot:coffee,24,15
1085, fill_glass,24,16
1086, fill_water,24,17
1087, stuff_sandwich,24,206
1088, fill_mug,24,23
1089, fill_bin,24,25
1090, fill_bottle,24,28
1091, fill_container,24,29
1092, fill_nozzle:coffee,24,3
1093, fill_kettle,24,38
1094, fill_box,24,39
1095, fill_filter:water,24,59
1096, fill_bowl:salad,24,6
1097, fill_jar,24,60
1098, fill_liquid,24,71
1099, stuff_tortilla,24,80
1100, fill-up_can,24,87
1101, fill_squash,24,99
1102, add-to_pan,25,1
1103, combine_fish,25,100
1104, add_yoghurt,25,116
1105, add_oregano,25,121
1106, add_onion,25,13
1107, add_nut:pine,25,147
1108, add_vinegar,25,162
1109, add_water:hot,25,17
1110, add_time:cooking,25,188
1111, add_oil:olive,25,24
1112, add_meat,25,26
1113, add_potato,25,27
1114, add_salt,25,31
1115, add_sauce,25,41
1116, add_garlic,25,45
1117, add_pepper,25,46
1118, add-in_bowl,25,6
1119, add_chicken,25,62
1120, add_sachet:flavour,25,77
1121, add_olive,25,83
1122, add_vegetable,25,90
1123, add_flour,25,93
1124, add_soap,25,98
1125, scrape_pan,26,1
1126, scour_jug,26,105
1127, scrape_stock:leftover,26,111
1128, scrape_tuna,26,122
1129, scrape_onion,26,13
1130, scour_fork,26,18
1131, scrape_stuff:board,26,19
1132, scrape_pestle,26,211
1133, scrap_spatula,26,22
1134, scrape_mustard,26,283
1135, scrape_tomato,26,30
1136, scrape_sink,26,33
1137, scrape_food,26,37
1138, scour_plate,26,4
1139, scrape_carrot,26,40
1140, scrape_rice,26,44
1141, scrape_garlic,26,45
1142, scrape_pepper,26,46
1143, scrape-off_knife,26,5
1144, loose_egg,26,50
1145, scour_bowl,26,6
1146, scrape_chicken,26,62
1147, scour_tray:baking,26,63
1148, scour_spoon,26,7
1149, scrape_chorizo,26,84
1150, scour_tin,26,87
1151, sharpen_knife,27,5
1152, cover_pan,28,1
1153, cover_lid,28,11
1154, seal_onion,28,13
1155, wrap_lime,28,140
1156, cover_pot,28,15
1157, cover_glass,28,16
1158, cover_grinder,28,163
1159, cover_toaster,28,172
1160, tie_bag,28,20
1161, tie_apron,28,214
1162, top_tail,28,245
1163, cover_container:sauce,28,29
1164, cover_tomato,28,30
1165, cover_salt,28,31
1166, wrap_wire,28,311
1167, seal_box:rice,28,39
1168, cover_plate,28,4
1169, cover_sauce,28,41
1170, wrap_cheese,28,51
1171, clip_bread,28,52
1172, cover_salad,28,54
1173, cover_bowl,28,6
1174, fasten_packaging:salad,28,77
1175, cover_top,28,78
1176, cover_sausage,28,84
1177, cover_curry,28,95
1178, wrap_squash,28,99
1179, roll_omelette,29,199
1180, roll_bag:flour,29,20
1181, roll-up_sleeve,29,309
1182, roll_dough,29,48
1183, roll_knife,29,5
1184, roll_egg,29,50
1185, roll_bread,29,52
1186, roll_tray:baking,29,63
1187, roll-up_flour,29,93
1188, open_pan,2,1
1189, open_fridge,2,10
1190, open_chilli,2,101
1191, open_cover:plastic,2,102
1192, open_sugar,2,103
1193, open_carafe,2,105
1194, open_heat,2,106
1195, open_trash,2,108
1196, open_lid,2,11
1197, open_mushroom,2,110
1198, open_stock,2,111
1199, open_freezer,2,112
1200, open_light,2,113
1201, open_pizza,2,114
1202, open_yoghurt,2,116
1203, open_grape,2,118
1204, open_root:galangal,2,119
1205, open_oregano,2,121
1206, open-of_tuna,2,122
1207, open_basket,2,125
1208, open_machine:coffee,2,126
1209, open_washing,2,130
1210, open_bacon,2,133
1211, open_avocado,2,134
1212, open_blueberry,2,135
1213, open_pesto,2,136
1214, open_bean:green,2,138
1215, open_onion:spring,2,14
1216, open_paste:miso,2,145
1217, open_processor,2,146
1218, open_butter,2,148
1219, open_pot:sauce,2,15
1220, open_powder:curry,2,155
1221, open_oat,2,158
1222, open_sweetcorn,2,161
1223, open_vinegar,2,162
1224, open_grinder,2,163
1225, open_cap,2,164
1226, open_trivet,2,165
1227, open_water:tap,2,17
1228, open_ventilator,2,170
1229, open_thyme,2,183
1230, open_honey,2,184
1231, open_yeast,2,191
1232, open_hummus,2,192
1233, open_coconut,2,193
1234, open_spinach,2,195
1235, open_nutella,2,196
1236, open_dressing:salad,2,198
1237, open_bag:cereal,2,20
1238, open_juice,2,215
1239, open_mocha,2,224
1240, open_turmeric,2,227
1241, open_paprika,2,231
1242, open_mayonnaise,2,238
1243, open_cookie,2,239
1244, open_oil,2,24
1245, open_bin,2,25
1246, open_almond:canned,2,255
1247, open_meat,2,26
1248, open_smoothie,2,267
1249, open_ketchup,2,269
1250, open_bottle,2,28
1251, open_container,2,29
1252, open_garni:bouquet,2,295
1253, open_tap,2,3
1254, open_tomato:chopped,2,30
1255, open_window,2,300
1256, open_salt,2,31
1257, open_fire,2,313
1258, open_sink,2,33
1259, open_rosemary,2,331
1260, open_cube:gravy,2,335
1261, open_tube,2,344
1262, open_pasta,2,35
1263, open_food,2,37
1264, open_kettle,2,38
1265, open_box:sausage,2,39
1266, open_dish,2,4
1267, open_carrot,2,40
1268, open_mirin,2,41
1269, open_milk:soy,2,43
1270, open_rice,2,44
1271, open_garlic,2,45
1272, open_pepper:red,2,46
1273, open_gas,2,47
1274, open_dishwasher,2,49
1275, open_knife,2,5
1276, open_egg,2,50
1277, open-up_cheese,2,51
1278, open_bread,2,52
1279, open_salad,2,54
1280, open_microwave,2,55
1281, open_oven,2,56
1282, open_coffee,2,58
1283, open_filter,2,59
1284, open_bowl:yoghurt,2,6
1285, open_jar:sugar,2,60
1286, open_rack,2,61
1287, open_chicken,2,62
1288, open_tray,2,63
1289, open_mixture,2,64
1290, open_towel,2,65
1291, open_skin,2,68
1292, open_cleaner,2,70
1293, open_liquid,2,71
1294, open_lettuce,2,73
1295, open_packet,2,77
1296, open_top,2,78
1297, open_spice,2,79
1298, open_door,2,8
1299, open_tortilla,2,80
1300, open_paper,2,81
1301, open_machine:washing,2,82
1302, open_olive,2,83
1303, open_can,2,87
1304, open_mat:table,2,88
1305, open_drawer,2,9
1306, open_wrap:plastic,2,91
1307, open_wrap,2,92
1308, open_flour,2,93
1309, open_cucumber,2,94
1310, open_granola,2,96
1311, open_squash,2,99
1312, sprinkle_chilli,30,101
1313, crumble_cube:stock,30,111
1314, sprinkle_oregano,30,121
1315, scatter_tuna,30,122
1316, sprinkle_onion,30,13
1317, sprinkle_bacon,30,133
1318, sprinkle_pesto,30,136
1319, sprinkle_sweetcorn,30,161
1320, sprinkle_water,30,17
1321, sprinkle_herb,30,180
1322, sprinkle_oil,30,24
1323, sprinkle_flake:chilli,30,257
1324, sprinkle_sun,30,30
1325, sprinkle_salt,30,31
1326, sprinkle_rosemary,30,331
1327, drizzle_sauce:soy,30,41
1328, sprinkle_pepper,30,46
1329, sprinkle_mozzarella,30,51
1330, sprinkle_flour,30,93
1331, break_stock,31,111
1332, break_piece:ginger,31,119
1333, snap_bean:green,31,138
1334, break_meat,31,26
1335, break-up_cube:gravy,31,335
1336, break-up_rice,31,44
1337, break-up_garlic,31,45
1338, crack_egg,31,50
1339, break_slice:cheese,31,51
1340, break_towel:paper,31,66
1341, flip_pan,32,1
1342, turn-over_fish,32,100
1343, flip_aubergine,32,104
1344, flip_tuna,32,122
1345, flip_oat,32,158
1346, overturn_corn,32,161
1347, flip_grinder:coffee,32,163
1348, flip_tongs,32,168
1349, flip_base:pizza,32,181
1350, flip_burger:tuna,32,207
1351, flip_spatula,32,22
1352, flip_meat,32,26
1353, flip_dough,32,48
1354, flip_bread,32,52
1355, flip_breast:chicken,32,62
1356, flip_tray:pizza,32,63
1357, turn-over_tortilla,32,80
1358, flip_sausage,32,84
1359, hang_clothes,33,130
1360, hang_pot,33,15
1361, hang_shirt,33,204
1362, hang_sock,33,212
1363, hang-up_spatula,33,22
1364, hang-up_mug,33,23
1365, hang_boxer,33,230
1366, hang_cloth,33,32
1367, hang_trouser,33,351
1368, hang-up_towel:tea,33,65
1369, hang_glove,33,85
1370, hold_pan,34,1
1371, hold_lid,34,11
1372, hold_switch:oil,34,154
1373, hold_glass,34,16
1374, hold_mug,34,23
1375, hold_tap,34,3
1376, hold_press,34,314
1377, hold_sink:empty,34,33
1378, hold_kettle,34,38
1379, hold_plate,34,4
1380, hold_cheese,34,51
1381, hold_filter:water,34,59
1382, hold_jar:sugar,34,60
1383, hold_piece:chicken,34,62
1384, hold_tray,34,63
1385, hold_cupboard,34,8
1386, arrange_pan,35,1
1387, clear_hand,35,12
1388, tidy-up_kitchen:tidy,35,123
1389, arrange_avocado,35,134
1390, rearrange_piece:lime,35,140
1391, arrange_glass,35,16
1392, arrange_trivet,35,165
1393, arrange_fork,35,18
1394, arrange_kiwi,35,186
1395, line-up_cilantro,35,223
1396, arrange_mug,35,23
1397, arrange_apple,35,234
1398, arrange_bin,35,25
1399, arrange_tomato,35,30
1400, arrange_cloth,35,32
1401, sort_food,35,37
1402, arrange_kettle,35,38
1403, arrange_pepper:bell,35,46
1404, rearrange_egg,35,50
1405, rearrange_bread,35,52
1406, sort_coffee,35,58
1407, arrange_bowl,35,6
1408, arrange_jar,35,60
1409, arrange_mixture,35,64
1410, arrange_spoon:wooden,35,7
1411, rearrange_cupboard,35,8
1412, arrange_tortilla,35,80
1413, arrange_drawer,35,9
1414, spread_onion,36,13
1415, spread_pesto,36,136
1416, apply_foil,36,141
1417, spread_butter,36,148
1418, spread_tablecloth,36,153
1419, spread_cream,36,166
1420, spread_honey,36,184
1421, spread_nutella,36,196
1422, spread_food:leftover,36,209
1423, spread_oil:olive,36,24
1424, spread_meat,36,26
1425, spread_basil,36,277
1426, spread_tomato,36,30
1427, spread_sauce,36,41
1428, spread_dough,36,48
1429, spread_mozzarella,36,51
1430, spread-on_rusk,36,52
1431, spread_liquid:cleaning,36,70
1432, spread_liquid,36,71
1433, spread_leaf:basil,36,72
1434, apply_spice,36,79
1435, spread_olive,36,83
1436, spread_flour,36,93
1437, crush_pan,37,1
1438, crush_cube:stock,37,111
1439, grate_ginger,37,119
1440, mash_avocado,37,134
1441, grind_grinder,37,163
1442, grate_carrot,37,40
1443, mash_garlic,37,45
1444, grind_pepper,37,46
1445, grind_coffee,37,58
1446, crush_leaf,37,72
1447, grind_spice,37,79
1448, search_fridge,38,10
1449, find_cover,38,102
1450, search_hand,38,12
1451, look-for_tuna,38,122
1452, look-for_scale,38,144
1453, search-for_tea,38,177
1454, search-for_kiwi,38,186
1455, look-for_pestle,38,211
1456, look-for_cup:measuring,38,23
1457, search-for_paprika,38,231
1458, search-for_oil:olive,38,24
1459, look-for_eggshell,38,249
1460, look-for_potato,38,27
1461, search_pasta,38,35
1462, search-for_plate,38,4
1463, find_garlic,38,45
1464, look-for_knife,38,5
1465, search-for_table,38,53
1466, locate_cooker,38,56
1467, search_bowl,38,6
1468, search_towel,38,65
1469, look-for_spoon,38,7
1470, search-for_scissors,38,76
1471, look-for_spice,38,79
1472, search-in_cupboard,38,8
1473, search_sausage,38,84
1474, look-for_drawer,38,9
1475, look-for_vegetable,38,90
1476, search-for_cucumber,38,94
1477, taste_chilli,39,101
1478, smell_hand,39,12
1479, taste_corn,39,161
1480, smell_fraiche,39,166
1481, taste_cherry,39,252
1482, taste_meat,39,26
1483, taste_pasta,39,35
1484, taste_food,39,37
1485, taste_rice,39,44
1486, taste_paneer,39,51
1487, taste_salad,39,54
1488, taste_mixture,39,64
1489, lick_spoon,39,7
1490, taste_liquid,39,71
1491, taste_cucumber,39,94
1492, taste_squash,39,99
1493, close_pan,3,1
1494, close_fridge,3,10
1495, close_cover,3,102
1496, close_sugar,3,103
1497, close_pitcher,3,105
1498, close_heat,3,106
1499, close_trash,3,108
1500, close_lid,3,11
1501, close_cube:stock,3,111
1502, close_freezer,3,112
1503, close_yoghurt,3,116
1504, close_grape,3,118
1505, close_oregano,3,121
1506, close_basket,3,125
1507, close_machine:coffee,3,126
1508, close_pesto,3,136
1509, close-off_scale,3,144
1510, close_paste:garlic,3,145
1511, close_processor:food,3,146
1512, close_butter,3,148
1513, close_pot:sauce,3,15
1514, close_powder:curry,3,155
1515, close_sweetcorn,3,161
1516, close_vinegar:rice,3,162
1517, close_cap,3,164
1518, close_trivet,3,165
1519, close_water,3,17
1520, close_ventilator,3,170
1521, close_herb,3,180
1522, close_hummus,3,192
1523, close_nutella,3,196
1524, close_dressing:salad,3,198
1525, close_bag:rice,3,20
1526, close_sandwich,3,206
1527, close_hamburger,3,207
1528, close_sponge,3,21
1529, close_juice,3,215
1530, close_turmeric,3,227
1531, close_mayonnaise,3,238
1532, close_cookie,3,239
1533, close_oil,3,24
1534, close_bin,3,25
1535, close_almond,3,255
1536, close_flake:chilli,3,257
1537, close_ketchup,3,269
1538, close_bottle,3,28
1539, close_container,3,29
1540, close_garni:bouquet,3,295
1541, close_tap,3,3
1542, close_salt,3,31
1543, close_sink,3,33
1544, close_rosemary,3,331
1545, close_kettle,3,38
1546, close_box:cereal,3,39
1547, close_sauce:soy,3,41
1548, close_milk:soy,3,43
1549, close_rice,3,44
1550, close_garlic,3,45
1551, close_pepper,3,46
1552, close_dishwasher,3,49
1553, close_egg,3,50
1554, close_cheese,3,51
1555, close_bread,3,52
1556, close_microwave,3,55
1557, close_oven,3,56
1558, close_coffee,3,58
1559, close_bowl:sugar,3,6
1560, close_jar:sugar,3,60
1561, close_packet,3,77
1562, close_top,3,78
1563, close_spice,3,79
1564, close_door,3,8
1565, close_tortilla,3,80
1566, close_machine:washing,3,82
1567, close_olive,3,83
1568, close_can,3,87
1569, close_drawer,3,9
1570, close_film,3,91
1571, close_wrap,3,92
1572, close_flour,3,93
1573, close_squash,3,99
1574, knead_paste,40,145
1575, knead_dough,40,48
1576, set_timer,41,151
1577, set_flame,41,179
1578, set_time,41,188
1579, set-out_power,41,275
1580, set_alarm,41,306
1581, set-up_stove,41,47
1582, set_microwave,41,55
1583, set_cooker,41,56
1584, set_machine:washing,41,82
1585, enter_trash,42,108
1586, walk-around_chopstick,42,117
1587, enter_kitchen,42,123
1588, walk-to_chair,42,205
1589, enter_table,42,53
1590, split_fish,43,100
1591, separate_bit:onion,43,13
1592, separate_onion:spring,43,14
1593, separate_broccoli,43,173
1594, divide_meat:minced,43,26
1595, distribute_basil,43,277
1596, separate_tomato,43,30
1597, separate_plate:lasagne,43,4
1598, split_bulb,43,45
1599, separate_dough,43,48
1600, detach_egg,43,50
1601, distribute_cheese,43,51
1602, distribute_vegetable,43,90
1603, spray_remover:spot,44,222
1604, spray_hob,44,47
1605, spray_detergent,44,70
1606, use_chopstick,45,117
1607, used_hand,45,12
1608, used_piece:onion,45,13
1609, used_pesto:scoop,45,136
1610, used_tongs,45,168
1611, used_water,45,17
1612, use_sponge,45,21
1613, used_shaker:pepper,45,294
1614, use_knife,45,5
1615, use_spoon:wooden,45,7
1616, use_soap,45,98
1617, fold_basket,46,125
1618, fold_tablecloth,46,153
1619, fold_yeast,46,191
1620, fold_bag:rice,46,20
1621, fold_tap,46,3
1622, fold_bar:cereal,46,302
1623, fold_cloth:table,46,32
1624, fold_box,46,39
1625, fold_filter,46,59
1626, fold_towel:tea,46,65
1627, fold_roll:kitchen,46,66
1628, fold_packet:tea,46,77
1629, fold_tortilla,46,80
1630, fold_paper,46,81
1631, fold_drawer,46,9
1632, fry-in_pan,47,1
1633, fry_fish,47,100
1634, heat_bacon,47,133
1635, boil_water,47,17
1636, heat_oil,47,24
1637, reduce_phone:mobile,47,248
1638, cook_ring:onion,47,251
1639, cook_sprout,47,254
1640, fry_tomato,47,30
1641, boil_food,47,37
1642, boil_kettle,47,38
1643, fry_egg,47,50
1644, toast_bread,47,52
1645, heat_cooker,47,56
1646, heat_bowl,47,6
1647, fry_chicken,47,62
1648, cook_lettuce,47,73
1649, heat_sausage,47,84
1650, drain_saucepan,48,1
1651, drain_pot,48,15
1652, drain_sweetcorn,48,161
1653, drain_water:coriander,48,17
1654, strain_parsley,48,178
1655, drain_holder:filter,48,182
1656, drain_coriander,48,223
1657, drain_oil,48,24
1658, drain_berry,48,242
1659, drain_potato,48,27
1660, drain_container,48,29
1661, drain_tomato,48,30
1662, drain_sink,48,33
1663, drain_pasta,48,35
1664, drain_sauce,48,41
1665, drain_rice,48,44
1666, drain_cheese,48,51
1667, drain_salad,48,54
1668, drain_tray:baking,48,63
1669, drain_package:mozzarella,48,77
1670, drain_can,48,87
1671, drain_squash,48,99
1672, scrub_tap,49,3
1673, scrub_sink,49,33
1674, scrub_dish,49,4
1675, scrub_counter,49,78
1676, wash_pan,4,1
1677, wash_fish,4,100
1678, rinse_chilli,4,101
1679, clean_cover,4,102
1680, wash_aubergine,4,104
1681, wash_jug:measuring,4,105
1682, wash_piece:leek,4,107
1683, clean-up_garbage,4,108
1684, wash_ladle,4,109
1685, wash_lid,4,11
1686, wash_mushroom,4,110
1687, clean_chopstick,4,117
1688, rinse_grape,4,118
1689, wash_piece:ginger,4,119
1690, rinse_hand,4,12
1691, clean_kitchen,4,123
1692, rinse_basket,4,125
1693, clean_maker:coffee,4,126
1694, clean_brush,4,128
1695, wash_onion,4,13
1696, clean_clothes,4,130
1697, wash_grater,4,131
1698, rinse_strainer:mesh,4,132
1699, lather_utensil,4,137
1700, wash_bean:green,4,138
1701, wipe-off_floor,4,139
1702, wash_onion:spring,4,14
1703, clean_lime,4,140
1704, lather_grill,4,142
1705, clean_processor:food,4,146
1706, wipe_butter:excess,4,148
1707, wash_pot,4,15
1708, wash_shelf,4,150
1709, wash_rinse,4,152
1710, wash_tablecloth,4,153
1711, wash_glass,4,16
1712, rinse_corn:sweet,4,161
1713, rinse_cap:sink,4,164
1714, lather_support,4,165
1715, wash_tong,4,168
1716, wipe_water:excess,4,17
1717, rinse_broccoli,4,173
1718, wash_pin:rolling,4,174
1719, clean_plug,4,175
1720, wash_parsley,4,178
1721, wash_fork,4,18
1722, rinse_holder:filter,4,182
1723, wash_celery,4,185
1724, wipe-with_tissue,4,187
1725, wash_clip:bag,4,189
1726, wash_board:cutting,4,19
1727, wash_spinach,4,195
1728, wash_fruit,4,197
1729, wash_bag,4,20
1730, wash_paella,4,201
1731, rinse_sponge,4,21
1732, clean_dust,4,217
1733, clean_desk,4,218
1734, wash_mesh,4,219
1735, rinse_spatula,4,22
1736, rinse_coriander,4,223
1737, wash_cup,4,23
1738, rinse_juicer:lime,4,232
1739, wash_apple,4,234
1740, wash_finger,4,236
1741, wash_pear,4,240
1742, wash_berry,4,242
1743, wash_bin,4,25
1744, rinse_meat,4,26
1745, wash_blender,4,260
1746, rinse_potato,4,27
1747, rinse_bottle:milk,4,28
1748, wash_container,4,29
1749, wash_masher,4,291
1750, wash_tap,4,3
1751, wash_tomato,4,30
1752, rinse_rest:spoon,4,318
1753, rinse_rag,4,32
1754, wash_form,4,322
1755, wipe_sink,4,33
1756, clean_wall,4,343
1757, lather_dish:soap,4,36
1758, wipe-off_bit:food,4,37
1759, rinse_kettle,4,38
1760, wash_tupperware,4,39
1761, wash_plate,4,4
1762, wash_carrot,4,40
1763, wash_colander,4,42
1764, rinse_measurer:rice,4,44
1765, wash_pepper:bell,4,46
1766, wipe_hob,4,47
1767, wash_knife,4,5
1768, wash_egg,4,50
1769, wipe_table,4,53
1770, wash_salad,4,54
1771, clean_microwave,4,55
1772, wipe_cooker,4,56
1773, clean_catcher:sink,4,59
1774, wash_bowl,4,6
1775, rinse_jar,4,60
1776, wash_drainer,4,61
1777, rinse_chicken,4,62
1778, rinse_pan:baking,4,63
1779, wipe-off_mixture:chilli,4,64
1780, clean_towel,4,65
1781, clean-up_roll:kitchen,4,66
1782, rinse_peach,4,67
1783, wash_courgette,4,69
1784, wash_spoon,4,7
1785, wash_liquid:cleaning,4,70
1786, wash_leaf:lettuce,4,72
1787, wash_lettuce,4,73
1788, wash_leaf:mint,4,74
1789, rinse_cutlery,4,75
1790, rinse_scissors,4,76
1791, wipe_package,4,77
1792, wipe_counter,4,78
1793, wipe_cabinet,4,8
1794, wash_peeler,4,86
1795, wash_can,4,87
1796, wash_cucumber,4,94
1797, look-at_pan:frying,50,1
1798, look_chopstick,50,117
1799, look-at_hand,50,12
1800, look-at_tuna,50,122
1801, see_water:boiling,50,17
1802, look-at_time,50,188
1803, look-at_dressing,50,198
1804, read-on_bag,50,20
1805, look-at_spatula,50,22
1806, look-at_cup,50,23
1807, look-at_meat,50,26
1808, read_instruction,50,288
1809, read_recipe,50,307
1810, read_label,50,312
1811, read_geographic:national,50,333
1812, read-on_box,50,39
1813, look-at_piece:carrot,50,40
1814, look-at_pepper,50,46
1815, look_knife,50,5
1816, look_salad,50,54
1817, look_spade,50,7
1818, look-at_packet,50,77
1819, read_paper,50,81
1820, look-at_can,50,87
1821, end_fridge,51,10
1822, finish_chilli,51,101
1823, stop_heat,51,106
1824, stop_light,51,113
1825, stop_hand,51,12
1826, finish_onion:spring,51,14
1827, end_ingredient,51,143
1828, stop_processor,51,146
1829, stop_grinder:coffee,51,163
1830, end_chair,51,205
1831, stop_spatula,51,22
1832, end_finger,51,236
1833, stop_sauce,51,41
1834, stop_knife,51,5
1835, stop_oven,51,56
1836, stop_teaspoon,51,7
1837, stop_liquid,51,71
1838, stop_tortilla,51,80
1839, end-of_glove,51,85
1840, submerge_pan,52,1
1841, submerge_board:chopping,52,19
1842, soak_sponge,52,21
1843, submerge_spatula,52,22
1844, submerge_masher,52,291
1845, submerge_sink,52,33
1846, submerge_plate,52,4
1847, submerge_bowl,52,6
1848, submerge_tray:baking,52,63
1849, submerge_tin,52,87
1850, brush_cover,53,102
1851, brush_pot,53,15
1852, brush_knife,53,5
1853, brush_side:inner,53,78
1854, brush_cupboard,53,8
1855, brush_flour,53,93
1856, pull-out_pan,54,1
1857, pull-out_jug:measuring,54,105
1858, pull_lid,54,11
1859, pull_mixture:tuna,54,122
1860, pull_plug,54,175
1861, pull_celery,54,185
1862, pull-out_beef,54,243
1863, pull-out_tomato,54,30
1864, pull-out_dish:pie,54,4
1865, pull_carrot,54,40
1866, pull-out_garlic,54,45
1867, pull_tray,54,63
1868, pull-out_mixture,54,64
1869, pull_roll:kitchen,54,66
1870, pull-out_spoon,54,7
1871, pull-out_scissors,54,76
1872, pull-out_packet,54,77
1873, pull-out_chorizo,54,84
1874, pull-out_peeler,54,86
1875, pull_drawer,54,9
1876, pull_film:cling,54,91
1877, pull_cucumber,54,94
1878, dab_hand,55,12
1879, pat_tofu,55,159
1880, tap_water,55,17
1881, dab-with_tissue,55,187
1882, pat-into_patty,55,207
1883, tap-on_tap,55,3
1884, pat_rice,55,44
1885, poke_egg,55,50
1886, tap_spoon,55,7
1887, shape_tuna,56,122
1888, make_piece:onion,56,13
1889, make_bag:plastic,56,20
1890, shape-into_patty,56,207
1891, make_garlic,56,45
1892, form_bowl,56,6
1893, form_mixture,56,64
1894, measure_pan,57,1
1895, measure_root:galangal,57,119
1896, measure_onion,57,13
1897, measure_paste:shrimp,57,145
1898, measure_powder:baking,57,155
1899, measure_depth:water,57,17
1900, measure_thyme,57,183
1901, measure_coconut,57,193
1902, measure_wine,57,216
1903, measure_seed:coriander,57,229
1904, measure_paprika,57,231
1905, measure_breadcrumb,57,264
1906, measure_salt,57,31
1907, measure_pepper:cayenne,57,326
1908, measure_sauce:fish,57,41
1909, measure_rice,57,44
1910, measure_spice,57,79
1911, measure_flour,57,93
1912, drink-from_glass,58,16
1913, drink_water,58,17
1914, drink-from_cup,58,23
1915, drink_beer,58,274
1916, drink_milk,58,43
1917, select_temperature,59,106
1918, choose_pear,59,240
1919, select_power,59,275
1920, choose_garlic,59,45
1921, choose_pepper:bell,59,46
1922, choose_egg,59,50
1923, select_machine:washing,59,82
1924, choose_can,59,87
1925, cut_fish,5,100
1926, slice_chilli,5,101
1927, chop_aubergine,5,104
1928, cut_leek,5,107
1929, slice_mushroom,5,110
1930, cut_cube:stock,5,111
1931, cut_pizza,5,114
1932, slice_ginger,5,119
1933, cut_banana,5,120
1934, cut_slice:lemon,5,129
1935, cut_onion,5,13
1936, chop_bacon,5,133
1937, cut_avocado,5,134
1938, trim_bean:green,5,138
1939, cut_onion:spring,5,14
1940, cut_lime,5,140
1941, cut_tofu,5,159
1942, cut_broccoli,5,173
1943, chop_parsley,5,178
1944, cut_celery,5,185
1945, chop_kiwi,5,186
1946, cut_time:third,5,188
1947, chop_board,5,19
1948, cut_noodle:instant,5,190
1949, cut_cabbage,5,194
1950, slice_omelette:egg,5,199
1951, cut_bag:pasta,5,20
1952, cut_sandwich,5,206
1953, cut_spatula,5,22
1954, cut_coriander,5,223
1955, cut_pit,5,229
1956, cut_apple,5,234
1957, cut_ham,5,237
1958, cut_pear,5,240
1959, cut_stick:crab,5,246
1960, cut_pith,5,250
1961, slice_cake,5,253
1962, chop_mint,5,256
1963, cut_meat,5,26
1964, cut_melon,5,263
1965, chop-off_grass:lemon,5,268
1966, slice_potato,5,27
1967, cut_caper,5,284
1968, slice_container,5,29
1969, cut-off_part,5,292
1970, slice_tomato,5,30
1971, cut_pineapple,5,328
1972, slice_lasagne,5,35
1973, cut_plate:pasta,5,4
1974, cut_carrot,5,40
1975, cut_sauce,5,41
1976, slice-off_garlic,5,45
1977, slice_pepper,5,46
1978, cut_dough,5,48
1979, chop_knife,5,5
1980, slice_cheese,5,51
1981, slice_bread,5,52
1982, cut_salad,5,54
1983, chop_piece:chicken,5,62
1984, cut_peach,5,67
1985, cut_skin:onion,5,68
1986, cut_courgette,5,69
1987, cut_leaf,5,72
1988, cut_lettuce,5,73
1989, cut_packaging:meat,5,77
1990, chop-off_top,5,78
1991, cut_tortilla,5,80
1992, cut_paper:baking,5,81
1993, slice_olive,5,83
1994, cut_chorizo,5,84
1995, cut_wrap,5,92
1996, slice_cucumber,5,94
1997, chop_soap,5,98
1998, cut_squash,5,99
1999, dish_pan:frying,60,1
2000, plate-up_fork,60,18
2001, serve_cookie,60,239
2002, serve_jambalaya,60,342
2003, serve_food,60,37
2004, serve_milk,60,43
2005, serve_coffee,60,58
2006, serve_curry:potato,60,95
2007, drop_grater,61,131
2008, drop-on_floor,61,139
2009, drop_oil,61,24
2010, drop_shell:egg,61,249
2011, drop_carrot,61,40
2012, drop_knife,61,5
2013, drop_piece:courgette,61,69
2014, drop_spoon:coffee,61,7
2015, drop_can,61,87
2016, wear_apron,62,214
2017, wear_glove,62,85
2018, rip_foil,63,141
2019, tear_bag:plastic,63,20
2020, rip_meat:open,63,26
2021, rip_roll:kitchen,63,66
2022, rip_skin,63,68
2023, tear_wrapper,63,77
2024, tear-off_wrap:plastic,63,91
2025, tip_pan,64,1
2026, tip_ginger,64,119
2027, tip-over_cafetiere,64,126
2028, tip_onion,64,13
2029, tip_pea,64,213
2030, tip_piece:meat,64,26
2031, tip_potato,64,27
2032, tip_salt,64,31
2033, tip-into_sink,64,33
2034, tip-out_box:lunch,64,39
2035, tip_passata,64,41
2036, tip_rice,64,44
2037, tip_garlic,64,45
2038, tip-out_paneer,64,51
2039, tip_bowl,64,6
2040, tip-out_tin,64,87
2041, turn-down_heat,65,106
2042, turn-down_hob,65,47
2043, collect_water,66,17
2044, gather_parsley,66,178
2045, gather_bag,66,20
2046, gather_tap,66,3
2047, gather_tomato,66,30
2048, collect_residue:food,66,37
2049, collect_rind,66,68
2050, gather_spoon,66,7
2051, eat_mushroom,67,110
2052, eat_tuna,67,122
2053, bite_apple,67,234
2054, eat_cookie,67,239
2055, eat_potato,67,27
2056, eat_carrot,67,40
2057, eat_olive,67,83
2058, stack_saucepan,68,1
2059, stack_bean:green,68,138
2060, stack_box,68,39
2061, stack-up_cucumber,68,94
2062, store_pan,69,1
2063, store_sugar,69,103
2064, store_lid,69,11
2065, store_glass,69,16
2066, store_grinder,69,163
2067, store_bag,69,20
2068, store_mug,69,23
2069, store_plate,69,4
2070, store_sauce,69,41
2071, store_milk,69,43
2072, store_egg,69,50
2073, store_bowl,69,6
2074, store_spoon,69,7
2075, store_tableware,69,75
2076, store_package,69,77
2077, stir_pan,6,1
2078, stir_fridge,6,10
2079, mix_fish,6,100
2080, stir_sugar,6,103
2081, mix_piece:leek,6,107
2082, stir_stock,6,111
2083, mix_yoghurt,6,116
2084, mix_chopstick,6,117
2085, mix_ginger,6,119
2086, stir_hand,6,12
2087, mix_tuna,6,122
2088, stir_onion,6,13
2089, stir_bacon,6,133
2090, mix-in_blueberry,6,135
2091, mix_pesto:cheese,6,136
2092, mix_onion:spring,6,14
2093, mix_ingredient,6,143
2094, stir_nut:pine,6,147
2095, stir_pot,6,15
2096, stir_oat,6,158
2097, mix_curd:bean,6,159
2098, mix_corn,6,161
2099, mix_fraiche:creme,6,166
2100, stir_content:pan,6,167
2101, stir_water,6,17
2102, stir_tea,6,177
2103, stir_honey,6,184
2104, mix_board:chopping,6,19
2105, mix_noodle,6,190
2106, stir_coconut,6,193
2107, stir_spinach,6,195
2108, stir_paella,6,201
2109, stir_spatula,6,22
2110, stir_coriander,6,223
2111, stir_mocha,6,224
2112, mix_soup,6,226
2113, stir_cup:measuring,6,23
2114, mix_mayonnaise,6,238
2115, mix_oil,6,24
2116, mix_cherry,6,252
2117, mix_sprout,6,254
2118, stir_meat,6,26
2119, stir_potato,6,27
2120, stir_dumpling,6,272
2121, mix-in_cinnamon,6,278
2122, mix_tomato:peeled,6,30
2123, mix_salt,6,31
2124, stir_pasta,6,35
2125, mix_food,6,37
2126, mix_carrot,6,40
2127, stir_sauce,6,41
2128, stir_milk,6,43
2129, stir_rice,6,44
2130, stir_garlic,6,45
2131, mix_pepper:bell,6,46
2132, mix_dough,6,48
2133, stir_knife,6,5
2134, whisk_egg,6,50
2135, mix_cheese,6,51
2136, stir_toast,6,52
2137, stir_salad,6,54
2138, stir_coffee,6,58
2139, mix_bowl,6,6
2140, stir_jar:spice,6,60
2141, stir_chicken,6,62
2142, mix_mixture,6,64
2143, stir_courgette,6,69
2144, stir_spoon,6,7
2145, stir_leaf:bay,6,72
2146, mix_lettuce,6,73
2147, stir_spice,6,79
2148, stir_sausage,6,84
2149, stir_drawer,6,9
2150, stir_vegetable,6,90
2151, stir_flour,6,93
2152, mix_curry,6,95
2153, stir_squash,6,99
2154, switch_heat,70,106
2155, switch_pot,70,15
2156, switch_bag,70,20
2157, switch_dustbin,70,25
2158, switch_kettle,70,38
2159, switch_stove,70,47
2160, switch_microwave,70,55
2161, switch_spade,70,7
2162, switch_side,70,78
2163, switch_cabinet,70,8
2164, increase_heat,71,106
2165, turn-up_hob,71,47
2166, increase_cooker,71,56
2167, carry_laundry,72,130
2168, carry_glass,72,16
2169, carry_bag,72,20
2170, carry_filter:water,72,59
2171, carry_bowl,72,6
2172, have_wrapper,72,77
2173, lift-up_pan:frying,73,1
2174, lift_lid,73,11
2175, lift-up_maker:coffee,73,126
2176, screw-on_lid,74,11
2177, screw_maker:coffee,74,126
2178, twist_clothes,74,130
2179, screw-in_pot:coffee,74,15
2180, screw_cap,74,164
2181, screw_part,74,292
2182, twist_cloth:cleaning,74,32
2183, screw_filter,74,59
2184, sweep_floor,75,139
2185, sweep_rice,75,44
2186, rub_pan,76,1
2187, rub_hand,76,12
2188, rub_spatula,76,22
2189, rub_knife,76,5
2190, rub_roll:kitchen,76,66
2191, unseal_yoghurt,77,116
2192, unwrap_lime,77,140
2193, unpack_stick:crab,77,246
2194, unwrap_dishwasher,77,49
2195, unwrap_towel:kitchen,77,66
2196, stab_hand,78,12
2197, assemble_teapot,79,15
2198, plug-in_grinder,79,163
2199, plug-into_socket,79,175
2200, plug_bottle,79,28
2201, attach_nozzle:coffee,79,3
2202, plug-in_kettle,79,38
2203, pour-into_pan,7,1
2204, pour_sugar,7,103
2205, pour_mushroom,7,110
2206, pour_stock,7,111
2207, pour_yoghurt,7,116
2208, pour_oregano,7,121
2209, pour_onion,7,13
2210, pour_blueberry,7,135
2211, pour_pesto,7,136
2212, pour_onion:spring,7,14
2213, pour_nut:pine,7,147
2214, pour_powder:curry,7,155
2215, pour_oat,7,158
2216, pour_tofu,7,159
2217, pour_glass,7,16
2218, pour_vinegar:rice,7,162
2219, pour_cream,7,166
2220, pour_content,7,167
2221, pour_water,7,17
2222, pour_raisin,7,171
2223, pour_broccoli,7,173
2224, pour_herb,7,180
2225, pour_celery,7,185
2226, pour_noodle,7,190
2227, pour_yeast,7,191
2228, pour_dustpan,7,2
2229, pour-out_pea,7,213
2230, pour_juice,7,215
2231, pour_wine,7,216
2232, pour_cup,7,23
2233, pour_oil,7,24
2234, pour_berry,7,242
2235, pour_bin,7,25
2236, pour_cherry,7,252
2237, pour_almond,7,255
2238, pour_flake:chilli,7,257
2239, pour_meat,7,26
2240, pour_smoothie,7,267
2241, pour-out_grass:lemon,7,268
2242, pour_potato,7,27
2243, pour_beer,7,274
2244, pour_cinnamon,7,278
2245, pour-out_bottle,7,28
2246, pour-into_container,7,29
2247, pour_tomato,7,30
2248, pour_syrup:maple,7,301
2249, pour_salt,7,31
2250, pour-into_sink,7,33
2251, pour_pasta,7,35
2252, pour_food,7,37
2253, pour_kettle,7,38
2254, pour-onto_plate,7,4
2255, pour_sauce,7,41
2256, pour_milk:soy,7,43
2257, pour_rice,7,44
2258, pour_garlic,7,45
2259, pour_pepper,7,46
2260, pour_egg,7,50
2261, pour_paneer,7,51
2262, pour_salad,7,54
2263, pour_coffee,7,58
2264, pour_bowl,7,6
2265, pour_chicken,7,62
2266, pour-on_tray:baking,7,63
2267, pour_mixture,7,64
2268, pour_roll:kitchen,7,66
2269, pour_courgette,7,69
2270, pour_spoon,7,7
2271, pour_liquid:washing,7,70
2272, pour-up_liquid,7,71
2273, pour_lettuce,7,73
2274, pour_packaging,7,77
2275, pour_spice,7,79
2276, pour_locker,7,8
2277, pour_olive,7,83
2278, pour_sausage,7,84
2279, pour_flour,7,93
2280, pour_cereal,7,96
2281, pour_soap,7,98
2282, pour_squash,7,99
2283, unfold_tablecloth,80,153
2284, unfold_bag,80,20
2285, unfold_cloth:table,80,32
2286, lower_heat,81,106
2287, lower_lid,81,11
2288, prepare_roll,82,127
2289, prepare_tomato,82,30
2290, prepare_tupperware,82,39
2291, prepare_coffee,82,58
2292, unscrew_moka,83,126
2293, season-with_oil,84,24
2294, salt_can:trash,84,87
2295, video_light,85,113
2296, video_water,85,17
2297, video_sponge,85,21
2298, video_phone:mobile,85,248
2299, video_coffee,85,58
2300, tap-off_tap,86,3
2301, set-off_timer,87,151
2302, set-off_alarm,87,306
2303, squirt_cleaner,88,70
2304, squirt-up_liquid,88,71
2305, load_dishwasher,89,49
2306, throw_pan:cake,8,1
2307, throw_fridge,8,10
2308, throw_bit:chilli,8,101
2309, throw_cover,8,102
2310, throw_aubergine,8,104
2311, throw_rubbish,8,108
2312, throw_lid:plastic,8,11
2313, throw_chopstick,8,117
2314, throw_banana,8,120
2315, throw_basket,8,125
2316, throw_lemon,8,129
2317, throw_onion,8,13
2318, throw_avocado,8,134
2319, throw_bean:green,8,138
2320, throw_foil,8,141
2321, throw_processor:food,8,146
2322, throw_pot:kiwi,8,15
2323, throw_glass,8,16
2324, throw_cap,8,164
2325, throw_water,8,17
2326, throw_broccoli,8,173
2327, throw_bag:tea,8,177
2328, throw_celery,8,185
2329, throw_fruit,8,197
2330, throw_bag,8,20
2331, throw_leftover,8,209
2332, throw_sponge,8,21
2333, throw_mesh,8,219
2334, throw_cilantro,8,223
2335, throw_seed,8,229
2336, throw_cookie,8,239
2337, throw_oil:olive,8,24
2338, throw-in_bit:pear,8,240
2339, throw_shell,8,249
2340, throw_bin,8,25
2341, throw-away_scrap,8,261
2342, throw_melon,8,263
2343, throw_potato,8,27
2344, throw_basil,8,277
2345, throw_bottle:oil,8,28
2346, throw_cork,8,289
2347, throw_container:tofu,8,29
2348, throw_part,8,292
2349, throw_centre:tomato,8,30
2350, throw_cloth,8,32
2351, throw_band:rubber,8,323
2352, throw_sink,8,33
2353, throw_protector:wall,8,343
2354, throw_piece:pasta,8,35
2355, throw-away_residue:food,8,37
2356, throw_box,8,39
2357, throw_dish,8,4
2358, throw_carrot,8,40
2359, throw_bit:garlic,8,45
2360, throw_pepper:bell,8,46
2361, throw_cheese,8,51
2362, throw_bread,8,52
2363, throw_salad,8,54
2364, dispose-of_coffee,8,58
2365, throw_filter,8,59
2366, throw_bowl,8,6
2367, throw_chicken,8,62
2368, throw_tray:baking,8,63
2369, throw_towel,8,65
2370, throw_towel:paper,8,66
2371, throw_skin,8,68
2372, throw_courgette,8,69
2373, throw_leaf,8,72
2374, throw_plastic,8,77
2375, throw_counter,8,78
2376, throw_door,8,8
2377, throw_paper,8,81
2378, throw_sausage,8,84
2379, throw_can,8,87
2380, throw_wrap,8,92
2381, throw_cucumber,8,94
2382, throw_napkin,8,97
2383, throw_squash,8,99
2384, unroll_bag:flour,90,20
2385, roll-out_spatula,90,22
2386, unroll_egg,90,50
2387, unroll_film,90,91
2388, water_sponge,91,21
2389, wet_mat:sushi,91,89
2390, do_mug,92,23
2391, do_bottle,92,28
2392, do_egg:pour,92,50
2393, flatten-with_spatula,93,22
2394, flatten_bottle,93,28
2395, flatten_container,93,29
2396, flatten_dough,93,48
2397, slide_onion,95,13
2398, slide_nut:pine,95,147
2399, slide_ring:onion,95,251
2400, slide_potato,95,27
2401, slide-out_dishwasher,95,49
2402, unplug_cord:power,96,275
2403, unplug_kettle,96,38
2404, unplug_microwave,96,55
2405, level_ground:coffee,97,58
2406, tear-out_bacon,98,133
2407, feel_temperature,99,106
2408, touch_lid,99,11
2409, move_saucepan,9,1
2410, move_fridge,9,10
2411, move_sugar,9,103
2412, move_jug,9,105
2413, move_rubbish,9,108
2414, move_lid,9,11
2415, move_pizza,9,114
2416, move_chopstick,9,117
2417, move_basket,9,125
2418, move_moka,9,126
2419, move_roll,9,127
2420, transfer_onion,9,13
2421, move_clothes,9,130
2422, move_grater,9,131
2423, move_pesto,9,136
2424, move_piece:lime,9,140
2425, move_scale,9,144
2426, move_pot:other,9,15
2427, move_shelf,9,150
2428, move_tablecloth,9,153
2429, move_glass,9,16
2430, move_cob:corn,9,161
2431, move_vinegar,9,162
2432, move_support,9,165
2433, move_water,9,17
2434, move_broccoli,9,173
2435, move_plug,9,175
2436, move_fork,9,18
2437, move_base:pizza,9,181
2438, move_board:cutting,9,19
2439, move_yeast,9,191
2440, move_bag:flour,9,20
2441, move_chip,9,202
2442, move_chair,9,205
2443, move_sponge,9,21
2444, move_mesh,9,219
2445, move_spatula,9,22
2446, move_cup:measuring,9,23
2447, move_oil,9,24
2448, move_bin:garbage,9,25
2449, move_meat,9,26
2450, move_potato,9,27
2451, move_bottle,9,28
2452, move_control:remote,9,287
2453, move_container,9,29
2454, move_tap,9,3
2455, move_tomato,9,30
2456, move_salt,9,31
2457, move_wire,9,311
2458, move_cloth,9,32
2459, move_sheet,9,325
2460, move_sink,9,33
2461, move_cd,9,338
2462, move_slipper,9,339
2463, move_funnel,9,348
2464, move_pasta,9,35
2465, move_driver:screw,9,350
2466, move_residue:food,9,37
2467, move_kettle,9,38
2468, move_box:lunch,9,39
2469, move_plate,9,4
2470, move_choppings:carrot,9,40
2471, move_sauce,9,41
2472, move_colander,9,42
2473, move_milk,9,43
2474, move_rice,9,44
2475, move_clove,9,45
2476, move_pepper:bell,9,46
2477, move_knife,9,5
2478, move_egg,9,50
2479, move_paneer,9,51
2480, move_bread,9,52
2481, move_salad,9,54
2482, move_microwave,9,55
2483, move_cooker,9,56
2484, move_cooker:rice,9,57
2485, move_coffee,9,58
2486, move_filter,9,59
2487, move_bowl,9,6
2488, move_jar:salt,9,60
2489, move_rack:drying,9,61
2490, move_chicken,9,62
2491, move_tray,9,63
2492, move_mixture,9,64
2493, move_towel:paper,9,66
2494, move_skin:squash,9,68
2495, move_courgette,9,69
2496, move_spoon,9,7
2497, move_detergent,9,70
2498, move-up_liquid,9,71
2499, move_cutlery,9,75
2500, move_scissors,9,76
2501, move_plastic,9,77
2502, move_top,9,78
2503, move_spice,9,79
2504, move_cupboard,9,8
2505, move_paper,9,81
2506, move_olive,9,83
2507, move_sausage,9,84
2508, move_can,9,87
2509, move_vegetable,9,90
2510, move_flour,9,93
2511, transfer_curry:fish,9,95
2512, move_napkin,9,97
